id,first_name,last_name,email,date_of_birth,date_onboarded,age,tenure_days,status,country_code
1,John,Smith,john.smith@email.com,1985-03-15,2020-01-10,39,2098,active,US
2,Sarah,Johnson,sarah.johnson@email.com,1990-07-22,2020-02-15,34,2067,active,US
3,Michael,Williams,michael.williams@email.com,1988-11-05,2020-03-20,36,2039,active,CA
4,Emily,Brown,emily.brown@email.com,1992-05-18,2020-04-10,32,2020,active,UK
5,David,Jones,david.jones@email.com,1987-09-30,2020-05-15,37,1995,active,US
6,Jennifer,Garcia,jennifer.garcia@email.com,1991-02-14,2020-06-20,33,1968,active,AU
7,Robert,Miller,robert.miller@email.com,1983-12-08,2020-07-15,41,1945,inactive,US
8,Lisa,Davis,lisa.davis@email.com,1989-06-25,2020-08-10,35,1929,active,DE
9,James,Rodriguez,james.rodriguez@email.com,1986-04-12,2020-09-15,38,1905,active,FR
10,Mary,Martinez,mary.martinez@email.com,1994-10-03,2020-10-20,30,1882,active,US
11,William,Hernandez,william.hernandez@email.com,1985-01-20,2020-11-15,39,1859,active,JP
12,Patricia,Lopez,patricia.lopez@email.com,1992-08-17,2021-01-10,32,1835,suspended,CN
13,Christopher,Gonzalez,christopher.gonzalez@email.com,1988-03-09,2021-02-15,36,1810,active,US
14,Linda,Wilson,linda.wilson@email.com,1990-11-28,2021-03-20,34,1785,active,UK
15,Daniel,Anderson,daniel.anderson@email.com,1987-07-14,2021-04-15,37,1760,active,CA
16,Barbara,Thomas,barbara.thomas@email.com,1991-09-22,2021-05-20,33,1735,active,US
17,Matthew,Taylor,matthew.taylor@email.com,1986-05-11,2021-06-15,38,1710,active,AU
18,Susan,Moore,susan.moore@email.com,1989-02-28,2021-07-10,35,1685,inactive,US
19,Anthony,Jackson,anthony.jackson@email.com,1984-10-04,2021-08-15,41,1660,active,DE
20,Jessica,Martin,jessica.martin@email.com,1993-04-16,2021-09-20,31,1635,active,FR
21,Mark,Lee,mark.lee@email.com,1985-12-30,2021-10-15,39,1610,active,US
22,Karen,Perez,karen.perez@email.com,1988-06-08,2021-11-10,36,1585,active,JP
23,Donald,Thompson,donald.thompson@email.com,1990-03-25,2022-01-15,34,1560,active,CN
24,Ashley,White,ashley.white@email.com,1987-09-11,2022-02-10,37,1535,active,US
25,Steven,Harris,steven.harris@email.com,1992-01-19,2022-03-15,32,1510,active,UK
26,Kimberly,Martin,kimberly.martin@email.com,1989-08-07,2022-04-10,35,1485,suspended,CA
27,Paul,Thompson,paul.thompson@email.com,1986-04-22,2022-05-15,38,1460,active,US
28,Donna,Garcia,donna.garcia@email.com,1991-10-03,2022-06-10,33,1435,active,AU
29,Andrew,Martinez,andrew.martinez@email.com,1984-06-14,2022-07-15,41,1410,inactive,US
30,Carol,Robinson,carol.robinson@email.com,1993-02-21,2022-08-20,31,1385,active,DE
31,Joshua,Clark,joshua.clark@email.com,1985-11-09,2022-09-15,39,1360,active,FR
32,Sandra,Rodriguez,sandra.rodriguez@email.com,1988-07-27,2022-10-10,36,1335,active,US
33,Kevin,Lewis,kevin.lewis@email.com,1990-05-15,2022-11-15,34,1310,active,JP
34,Melissa,Lee,melissa.lee@email.com,1987-03-08,2023-01-10,37,1285,active,CN
35,Brian,Walker,brian.walker@email.com,1992-09-19,2023-02-15,32,1260,active,US
36,Deborah,Hall,deborah.hall@email.com,1989-01-06,2023-03-20,35,1235,active,UK
37,Edward,Allen,edward.allen@email.com,1986-08-25,2023-04-15,38,1210,active,CA
38,Stephanie,Young,stephanie.young@email.com,1991-04-12,2023-05-10,33,1185,active,US
39,Ronald,Hernandez,ronald.hernandez@email.com,1984-02-28,2023-06-15,41,1160,active,AU
40,Rebecca,King,rebecca.king@email.com,1993-11-03,2023-07-20,31,1135,active,US
41,Timothy,Wright,timothy.wright@email.com,1985-10-17,2023-08-15,39,1110,active,DE
42,Sharon,Lopez,sharon.lopez@email.com,1988-06-05,2023-09-10,36,1085,active,FR
43,Jason,Hill,jason.hill@email.com,1990-04-22,2023-10-15,34,1060,inactive,US
44,Cathleen,Scott,cathleen.scott@email.com,1987-12-10,2023-11-10,37,1035,active,JP
45,Jeffrey,Green,jeffrey.green@email.com,1992-08-29,2024-01-15,32,1010,active,CN
46,Ann,Adams,ann.adams@email.com,1989-03-17,2024-02-10,35,985,suspended,US
47,Ryan,Nelson,ryan.nelson@email.com,1986-01-04,2024-03-15,38,960,active,UK
48,Joyce,Carter,joyce.carter@email.com,1991-07-20,2024-04-10,33,935,active,CA
49,Jacob,Roberts,jacob.roberts@email.com,1984-09-08,2024-05-15,41,910,active,US
50,Virginia,Phillips,virginia.phillips@email.com,1993-05-26,2024-06-20,31,885,active,AU
51,Gary,Campbell,gary.campbell@email.com,1985-02-14,2024-07-15,39,860,active,US
52,Katherine,Parker,katherine.parker@email.com,1988-10-23,2024-08-10,36,835,active,DE
53,Nicholas,Evans,nicholas.evans@email.com,1990-06-11,2024-09-15,34,810,active,FR
54,Christine,Edwards,christine.edwards@email.com,1987-04-30,2024-10-10,37,785,active,US
55,Eric,Collins,eric.collins@email.com,1992-02-18,2024-11-15,32,760,active,JP
56,Samantha,Reeves,samantha.reeves@email.com,1989-09-05,2024-12-10,35,735,active,CN
57,Jonathan,Morris,jonathan.morris@email.com,1986-07-22,2025-01-15,38,710,active,US
58,Brenda,Rogers,brenda.rogers@email.com,1991-01-08,2025-02-10,33,685,active,UK
59,Stephen,Morgan,stephen.morgan@email.com,1984-11-16,2025-03-15,41,660,active,CA
60,Kathleen,Peterson,kathleen.peterson@email.com,1993-03-29,2025-04-10,31,635,inactive,US
61,Larry,Gray,larry.gray@email.com,1985-09-07,2025-05-15,39,610,active,AU
62,Shirley,Ramirez,shirley.ramirez@email.com,1988-05-14,2025-06-10,36,585,active,US
63,Justin,James,justin.james@email.com,1990-03-02,2025-07-15,34,560,active,DE
64,Cynthia,Watson,cynthia.watson@email.com,1987-10-20,2025-08-10,37,535,active,FR
65,Scott,Brooks,scott.brooks@email.com,1992-04-09,2025-09-15,32,510,active,US
66,Katharine,Chavez,katharine.chavez@email.com,1989-11-27,2025-10-10,35,485,active,JP
67,Brandon,Wood,brandon.wood@email.com,1986-08-06,2025-11-15,38,460,active,CN
68,Diane,Mattson,diane.mattson@email.com,1991-02-13,2025-12-10,33,435,suspended,US
69,Benjamin,Strickland,benjamin.strickland@email.com,1984-10-31,2026-01-15,41,410,active,UK
70,Julie,Birch,julie.birch@email.com,1993-06-19,2026-02-10,31,385,active,CA
71,Samuel,Hoover,samuel.hoover@email.com,1985-04-05,2026-03-15,39,360,active,US
72,Joyce,Hendrix,joyce.hendrix@email.com,1988-12-24,2026-04-10,36,335,active,AU
73,Frank,Hunt,frank.hunt@email.com,1990-08-12,2026-05-15,34,310,active,US
74,Evelyn,Holland,evelyn.holland@email.com,1987-06-29,2026-06-10,37,285,active,DE
75,Gregory,Hopper,gregory.hopper@email.com,1992-10-17,2026-07-15,32,260,active,FR
76,Mildred,Horne,mildred.horne@email.com,1989-03-05,2026-08-10,35,235,inactive,US
77,Alexander,Hopper,alexander.hopper@email.com,1986-01-21,2026-09-15,38,210,active,JP
78,Rose,Howe,rose.howe@email.com,1991-09-04,2026-10-10,33,185,active,CN
79,Raymond,Howell,raymond.howell@email.com,1984-07-12,2026-11-15,41,160,active,US
80,Theresa,Howey,theresa.howey@email.com,1993-04-30,2026-12-10,31,135,active,UK
81,Patrick,Huang,patrick.huang@email.com,1985-06-16,2025-01-15,39,107,active,CA
82,Janice,Huber,janice.huber@email.com,1988-02-03,2025-02-10,36,82,active,US
83,Jack,Hubney,jack.hubney@email.com,1990-12-21,2025-03-15,34,57,active,AU
84,Jean,Huck,jean.huck@email.com,1987-08-09,2025-04-10,37,32,active,US
85,Dennis,Hudgens,dennis.hudgens@email.com,1992-06-27,2025-05-15,32,7,active,DE
86,Zoey,Hudson,zoey.hudson@email.com,1989-01-14,2025-06-10,35,active,FR
87,Ethan,Hughes,ethan.hughes@email.com,1986-11-02,2025-07-15,38,active,JP
88,Hannah,Hull,hannah.hull@email.com,1991-03-11,2025-08-10,33,suspended,CN
89,Noah,Hullin,noah.hullin@email.com,1984-09-28,2025-09-15,41,active,US
90,Olivia,Humfreville,olivia.humfreville@email.com,1993-01-17,2025-10-10,31,active,UK
91,Liam,Humphrey,liam.humphrey@email.com,1985-05-03,2025-11-15,39,active,CA
92,Emma,Humphries,emma.humphries@email.com,1988-03-20,2025-12-10,36,active,US
93,Mason,Hungerford,mason.hungerford@email.com,1990-11-08,2026-01-15,34,active,AU
94,Charlotte,Hunley,charlotte.hunley@email.com,1987-07-26,2026-02-10,37,active,US
95,Logan,Hunter,logan.hunter@email.com,1992-05-14,2026-03-15,32,active,DE
96,Amelia,Huntington,amelia.huntington@email.com,1989-10-02,2026-04-10,35,active,FR
97,Oliver,Huntley,oliver.huntley@email.com,1986-09-19,2026-05-15,38,active,US
98,Mia,Hupp,mia.hupp@email.com,1991-04-07,2026-06-10,33,active,JP
99,Elijah,Hurd,elijah.hurd@email.com,1984-08-25,2026-07-15,41,active,CN
100,Ava,Hurdle,ava.hurdle@email.com,1993-02-13,2026-08-10,31,active,US
