id,order_id,quantity,price_usd,subtotal,product_name,description,status,payment_method,is_premium,created_at,updated_at,customer_notes,internal_notes,discount_rate,transaction_hash,customer_id,warehouse_id
1,ORD-000001,82,557.54,45718.28,olNJVewblAbkIClFQaQLsiYrefSFQMCZuDRGTELcmpemfoHttloXIGjMiu HDKSPmbqolXUqIuWyonDnEVvl BecfHPwdu CZTaMKCoHfxyYUnAjWUpHGiOCPCarbXUSqdUYezdOOgzDoUwlCMkq IxBglrFmldHmVTdmJlhXEzPQkfwwyMJ fvrTnkxwonWxT,Product 1,CANCELLED,CARD,True,2025-04-18 07:49:56.454819,2025-05-11 08:49:56.454819,Note 1,,0.4632,TXN-1-40982,22,4.0
2,ORD-000002,63,2407.31,151660.53,ViauXPpKMPJzkldMdqczWCdATddTvXEEceIDqnJqogIyXXaGDfCAhsdmpxCq QCJDXfUoVNiolsKTAnWcHRcrgZixLDfYKhbtDwctXZcsKJ,Product 2,SHIPPED,CRYPTO,Y,2025-12-28 07:49:56.454864,2026-01-07 09:49:56.454864,Note 2,,0.4054,TXN-2-64040,4,2.0
3,ORD-000003,95,4622.51,439138.45,QTQoPfUTlRyqQmbkrTZoHv CXgZjZofxMqGBuEnLaXCMNJtdJrqSMpqvvpgwXJVGpDapwEIyxlzVQieBHrRNJlkbmzTdvHkKAmIaNOfwjYBcnS,Product 3,DELIVERED,BANK,0,2025-04-10 07:49:56.454895,2025-05-02 22:49:56.454895,null,Internal 3,0.4457,TXN-3-90301,93,5.0
4,ORD-000004,55,4153.02,228416.1,xiTxNSoPzmxLmrVehuilvrydSuOYbUEzXpuVSCMQVzozuJQMSWZCWFJewTjnryrUoYwSyNcYldYcbnSGmzgYyntGZMPiqEXEWtXkFSmKpKQQDcCJdIawzwtVyijBIGWPyRFrnXoxNEJrArzsn,Product 4,SHIPPED,PAYPAL,Y,2026-03-12 07:49:56.454924,2026-04-03 08:49:56.454924,,,0.2032,TXN-4-82768,98,2.0
5,ORD-000005,89,2380.99,211908.11,AQelKqEzCwNrLongkgCOjlzMZBofkmjaCoZDKgUAUEyxjcXzRvdHchDq gOGPlBxxT qGGNYllJijdaxFpmLLyKWPHJXwCIWRdiqNEpgKLXAAecwrneYSEY JocOyIWjFHAesrJTrKpYRDyqrZvB ICvjtOHOkDXxLgZGmiDDe WygSALAoSZmDuWAU,Product 5,NEW,PAYPAL,0,2025-09-24 07:49:56.454956,2025-10-15 22:49:56.454956,N/A,,0.1493,TXN-5-86931,75,
6,ORD-000006,63,4326.44,272565.72,CsDCyrjKEmPcNLRuJRZAbAFUUxByMvIiyZrKITTTuqMOUbdHW NxfHUxKVcQpthCDQjeUGmWhynnaQVJixsFHwnSkuzmEE pZIoDKNcGAVpQGsHGJMISHVI,Product 6,SHIPPED,CRYPTO,True,2025-05-25 07:49:56.454982,2025-06-09 20:49:56.454982,NO DATA,,,TXN-6-48680,42,
7,ORD-000007,54,879.02,47467.08,PUtAoiWYZpUQydNlJJvSDeuogtNnuHtJyGXrGI,Product 7,DELIVERED,PAYPAL,N,2025-08-20 07:49:56.455001,2025-08-25 06:49:56.455001,,,0.1522,TXN-7-74569,15,1.0
8,ORD-000008,31,4436.41,137528.71,utYKCFMUISGXoKlxmtZtVIdoZYRelHZcr PkRDF,Product 8,PROCESSING,PAYPAL,False,2025-05-16 07:49:56.455019,2025-05-16 09:49:56.455019,N/A,,0.2701,TXN-8-32871,15,
9,ORD-000009,4,659.88,2639.52,PmrjcNBNzPBfAYcPTByZdzvKzWdeGdoHDr CyGfLTIOMlxmrywfwJtiWdSefNRDFDrgsJNUMZFsElIlfStOEQSZRGIbXRojL,Product 9,SHIPPED,PAYPAL,1,2026-03-14 07:49:56.455046,2026-03-22 00:49:56.455046,Note 9,,0.2004,TXN-9-28595,95,
10,ORD-000010,4,459.7,1838.8,lwstMPEeciGJoJzxoOgwpJzJcuFaplhnraNjuLASQdTcaWTEELwgbrQGSWeSmFBuqrriBgBWsMRRmhkFOIjOANOxWDHHTHidxqocAqxdSeTTGAyDPVxQIrzhdfVsLAjnxxBitovrFPId,Product 10,NEW,CRYPTO,1,2025-11-08 07:49:56.455080,2025-12-06 07:49:56.455080,null,,0.2914,TXN-10-28537,45,3.0
11,ORD-000011,84,3492.7,293386.8,gLeDIrgLY WeJAaqYsOk ipPACNBJUGFijKHVMctMZGNPmmZPVkJExOPAwikGUcztXLBgeixBSeWRUXvvtuelqfLrhcWzSOyGWblhXGwP,Product 11,PROCESSING,PAYPAL,True,2026-02-21 07:49:56.455108,2026-03-03 11:49:56.455108,-,Internal 11,,TXN-11-75513,77,5.0
12,ORD-000012,3,3160.14,9480.42,mhwGmwJeZdBA DuyHZnaPsMHOMrcCRjPyKHRdPypckcXB CnNksPTrgtVNVuZAAWBQMeFRCreJqFwKscUs oZYdHtQKYhGPbdPtuEGJYtOECvIngMAuDnnx pWAgTxVxeKSqsdCVTLXHQAgkhPbDtQDG,Product 12,NEW,CARD,1,2025-08-26 07:49:56.455135,2025-09-15 17:49:56.455135,null,Internal 12,0.4117,TXN-12-19666,17,3.0
13,ORD-000013,83,371.75,30855.25,KsUPHjZwWcgiirLsXVSnHDgqCAiXiIMGSDRbcHEIOwHAHpYzQKpddxzkGqMMTZgtDqyonfpuGnTirEqOABAqbYAZlscAUIyCSwUMOtvEkDdAOo KgZuQrXOkAAch,Product 13,SHIPPED,CRYPTO,Y,2025-07-27 07:49:56.455160,2025-08-02 15:49:56.455160,null,,0.3065,TXN-13-31299,51,5.0
14,ORD-000014,95,4213.17,400251.15,rRCLpRtJZEQMKbzZPPEMEjHGShKbYfbqiKvPWUMdhkrJBqjWssOMIKGknDlZppkLqsXQogJuZRYQppLsxnzkCXKhGFmJCHcvMfOaDXvXUzkZrIWeECMXWjUjW vAXYXUaEf p CAXTykfiynjNPEOjTVRBeJ,Product 14,PROCESSING,BANK,0,2025-10-03 07:49:56.455186,2025-10-13 21:49:56.455186,,Internal 14,0.2234,TXN-14-44995,43,3.0
15,ORD-000015,75,3614.69,271101.75,ntmJyiK,Product 15,SHIPPED,CARD,N,2025-10-17 07:49:56.455208,2025-11-01 23:49:56.455208,null,,0.0668,TXN-15-30078,59,
16,ORD-000016,78,1868.75,145762.5,DyCJlnOUexLeDdDAEhrBgkEeBQyBydyQMuRNEcsd XdXbvOOZIw uUWtKJCIsjCCMlabpJCCRnsoXMfQwOUakfbFLcNvmlTcApRMqFJqphIlpdYUWHwAZXJPqwhtNzTpLQWDZDhmkIWSeMkoJFUjOMDzUrYaXYg zmGkWDPuCtnBAf ySWtvDlhn,Product 16,CANCELLED,CRYPTO,1,2025-12-29 07:49:56.455239,2026-01-06 15:49:56.455239,N/A,,0.4167,TXN-16-75444,71,
17,ORD-000017,88,1688.48,148586.24,RZIAiQiMzWCIdbSYJOvSmLaAtGJGzzaDaCoZaRJQWffhkBRovtvD lKSITOeuDcajAwPDTfBclUVzcdXVDbXqYFNLveimSuVrOh MAZcxSsOYvObo AsXwKJeGQLeiLHNqfaqtohjxDvbseFrupueVVZEiuhpAdxwzennHFkfqYrGQrrRTZhqYkqZZpKAEmtRugDFCKD,Product 17,DELIVERED,BANK,0,2025-10-19 07:49:56.455269,2025-11-17 20:49:56.455269,,Internal 17,0.0696,TXN-17-49692,31,3.0
18,ORD-000018,85,771.56,65582.6,Pd zvAWKCPtVCHeOIsIc JvNZwanBBEExuOFAsbfwYgXhqykzzxKqpQgTIJi mjiDYmvjHwbGkFuLkNQdfUjrynTBHFGFsSGRLpGehgqjKBwhujHK,Product 18,PROCESSING,BANK,0,2025-10-21 07:49:56.455294,2025-10-27 06:49:56.455294,,Internal 18,0.3097,TXN-18-57059,2,4.0
19,ORD-000019,18,976.45,17576.1,ZAAKwSzebOpoCiyNODggPRtRcMC fRNp xsRx PmQFsLHihkkdsoCrLpoT KfZPW TgTnLROJzEovxHUeBoXtYraPMMyJsdClwloRrE,Product 19,CANCELLED,CRYPTO,1,2025-04-02 07:49:56.455320,2025-04-04 08:49:56.455320,,,0.4184,TXN-19-12134,16,2.0
20,ORD-000020,57,2283.13,130138.41,kKgIiXoIntVivqLmILazhlKaKR whduMfqUhONh hCaIxMHivKTefNFuZqhoeDFGPKSIpBBNpcVYAfAFBZ XgTEtKOYOadncdPAHAwLeCGoqBkQCuH,Product 20,NEW,PAYPAL,N,2025-08-06 07:49:56.455345,2025-08-16 11:49:56.455345,,,,TXN-20-66948,15,4.0
21,ORD-000021,79,3044.55,240519.45,JIjahaAsBRntNUMgVrwBnZHABcTiiOVJgNaTactWjYbQLIlnWqREgJclBcvUTOqeytpPNmtZ PMCQhXbCHKa,Product 21,SHIPPED,CARD,N,2025-09-06 07:49:56.455366,2025-09-19 09:49:56.455366,,,0.1191,TXN-21-74491,8,2.0
22,ORD-000022,92,1399.85,128786.2,WVBLtZefhRdExZmn,Product 22,SHIPPED,CRYPTO,N,2025-10-01 07:49:56.455382,2025-10-14 20:49:56.455382,-,Internal 22,0.4718,TXN-22-27840,100,5.0
23,ORD-000023,14,777.9,10890.6,xqgsOxyTeQqLFlThLZvcpRjYTDDffQgdPlkvKXeFWd kIQe,Product 23,SHIPPED,CARD,True,2025-07-24 07:49:56.455400,2025-07-26 10:49:56.455400,,Internal 23,0.1975,TXN-23-13864,49,
24,ORD-000024,55,864.86,47567.3,WoxhGGIAUzeuwIQn CbuLzPsDrobFbQoQysEminmCPNOYE uX jmqNtFLsE,Product 24,PROCESSING,BANK,0,2025-06-13 07:49:56.455419,2025-06-26 11:49:56.455419,,Internal 24,,TXN-24-17362,30,5.0
25,ORD-000025,29,100.62,2917.98,aWkgLWSrbFWPSTYtXufphiYPYIjZKXPlFjqKgMYYu ZbFWZlDXhNm iUeLHUxondnfauMZUAuCfzTIKidSpqYdjtMCVeFGzbXiVifkkKMMoomcESitwpJFkbjpeSqvz,Product 25,SHIPPED,CARD,N,2025-06-12 07:49:56.455442,2025-06-28 19:49:56.455442,,Internal 25,0.1847,TXN-25-68428,6,3.0
26,ORD-000026,57,2325.82,132571.74,SDiKfJQvOmduBZKXEmpuTbEBE hYxYilkceKkRhFqMQeDDTBWaLFPfhEEZffPP,Product 26,CANCELLED,PAYPAL,0,2025-11-02 07:49:56.455462,2025-11-18 15:49:56.455462,NO DATA,Internal 26,0.2365,TXN-26-32570,36,4.0
27,ORD-000027,19,3091.6,58740.4,KcVrmNWVbRqoAKfUhZxRowIjlRNOTRBiqAhTUbkSSnyWLoRAHgbtFjUFsiVNKpuiEZTIJovbPOaWIFanQqZIwtsnyJRvfBJStIGpfd HTnLVphOVQQFJKMI nwubLEkMlCPWJASSUjfgnQOjKresNqPrnpTyTEYdVATupcThkvEWyqLPzHj,Product 27,NEW,CARD,0,2025-10-28 07:49:56.455490,2025-11-06 05:49:56.455490,Note 27,,0.0792,TXN-27-21539,17,5.0
28,ORD-000028,56,3167.8,177396.8,wzaCMYVOCaaMlUqfAqdcYyBBwKh zNiWRbl lbAgLPtHOHFcfScgxgnLkKawfBHLwVBGoPAGPSZsviDWKzmaefEAYPdMVIyZncRUTtJwgTVa,Product 28,PROCESSING,BANK,1,2025-09-15 07:49:56.455516,2025-10-03 23:49:56.455516,null,Internal 28,0.0465,TXN-28-54921,24,1.0
29,ORD-000029,52,2001.85,104096.2,ouTQIQfKdXiwFQJjutbKSZgWfvcnqLJOEDZJrBLfJnsJuSD cIiSTUdAmZclIvmyQxTxgAIfvDaeGGqAkJYtclyDGzILgOlsRZpBLcihLMfGjXuyPLfvXSFOx,Product 29,CANCELLED,BANK,0,2026-03-15 07:49:56.455546,2026-04-06 22:49:56.455546,NO DATA,,0.2164,TXN-29-86692,62,5.0
30,ORD-000030,100,4605.89,460589.0,KjRfIGrUwGKnvspQhFUBSDqNDllLKWhLZjCHLODEXLJVCUwafu,Product 30,NEW,CARD,False,2025-11-01 07:49:56.455564,2025-11-08 03:49:56.455564,N/A,Internal 30,,TXN-30-18130,89,3.0
31,ORD-000031,27,3768.22,101741.94,txGJDlIuBQKKc,Product 31,DELIVERED,CRYPTO,0,2025-04-01 07:49:56.455579,2025-04-14 15:49:56.455579,null,,,TXN-31-42943,26,5.0
32,ORD-000032,100,4302.36,430236.0,RWLIOCFPZpjKjjBtwDgEnrLiircXGJzEsPqljdAwCellrtlNC R aJxVGGYKrWYuCoWRtQxcVkBYiYCadJOTwfCLZPIXNiyrecQDEmnuHwaJCHGOFLdXfP,Product 32,SHIPPED,CARD,1,2025-08-05 07:49:56.455602,2025-08-21 13:49:56.455602,-,,0.2667,TXN-32-27875,96,4.0
33,ORD-000033,70,1475.6,103292.0,hJWQMtYDDgaFCYqNVsvIBilSkjQTTX yDpdfMzrgIfGVqxGqEDtqwanlNxShMUytqDjGSThCnUedaAbEvFWDC zPtlOMpyBvAJSQGiBxjYIZNztlzdtckWtyycZrLBRSnCjItISBtWBsTzzGAhieIljtMgmQMzzliSbcEiH,Product 33,NEW,BANK,True,2025-12-22 07:49:56.455629,2026-01-02 07:49:56.455629,,Internal 33,0.2818,TXN-33-12440,93,
34,ORD-000034,85,4106.7,349069.5,lGyzlvhEOHBiKWFduhaBWKRGjV,Product 34,CANCELLED,CARD,Y,2025-07-03 07:49:56.455645,2025-07-08 07:49:56.455645,,Internal 34,0.451,TXN-34-80685,1,
35,ORD-000035,84,2158.05,181276.2,tcCmQPuFNOKfhzmTpUvkLPEgaIKqtiInTwtoKOvPztDnqsLMTINxLilvrDKLiZaehXxdlecu GBLFYRHxkIQpbFBmibmai PsuFBNdepRWsZoGkX,Product 35,CANCELLED,CARD,1,2025-12-18 07:49:56.455668,2026-01-04 15:49:56.455668,null,,0.2516,TXN-35-54560,15,5.0
36,ORD-000036,33,4380.69,144562.77,nxtzmsPKVTznuPlLQvsCLnpvNsDjqlEjNXkNmmomSSsPgeYAaTYStqVUEojOBvNgBwXbsTPygBqaJuftTjnoYsjwwNtvxEZKRMQDTkQNzawhVHCqznTcfilnSfNntDQsvsKGEICZprBPxeGyYUHXwGvW,Product 36,NEW,BANK,1,2025-11-21 07:49:56.455697,2025-12-04 16:49:56.455697,N/A,Internal 36,0.3027,TXN-36-61833,35,4.0
37,ORD-000037,100,4314.17,431417.0,NBxiTgmnNNlvfXzcOB fGeXumNxgBjbsWTyUXDhYCFyNUxHCWzmeqviaBOhpCKAOpOQFQDjUxnLIRleHBQGKoICojdhfyxLAq,Product 37,PROCESSING,CARD,Y,2026-03-06 07:49:56.455720,2026-03-14 05:49:56.455720,,Internal 37,0.3576,TXN-37-11075,30,1.0
38,ORD-000038,20,74.61,1492.2,sqQ yPrSYcPdykSRRgOnOxNbyOB zKqrHcXBnHkVTlfHriogPacPzFteieGX,Product 38,NEW,CARD,1,2025-04-21 07:49:56.455739,2025-04-27 20:49:56.455739,NO DATA,,,TXN-38-40497,41,5.0
39,ORD-000039,83,3783.73,314049.59,MbuMncLDCzECryTFTiCxRCyPAMUGtGqdZRkKOipvrfIcXjbfkbIuzHFclMaWIXSyHtNVRQdGCMSelBfmukIEYDDNOEJLwfQDAICFXVD SvHRrmCtDNtxY,Product 39,NEW,CARD,1,2025-05-16 07:49:56.455765,2025-05-16 23:49:56.455765,null,,0.1509,TXN-39-49365,29,2.0
40,ORD-000040,41,109.49,4489.09,RWBEEeyioVnnpEElerzzVLRfIbQuPWrUxXgONTXHHcBqDrKiJ ZNEewPhrzNDnvxKOzkuED BmowKEfvtksIOisRQHxWmKiMeNmGhSpsQqyrNlCNDH KJtWBndkKoyYdIJWtfpUuZALVzFekZDLcWqzNaKsq Zodnu  YYlsuhMBJUKwEwqGx,Product 40,PROCESSING,BANK,N,2026-01-06 07:49:56.455793,2026-01-31 01:49:56.455793,null,,0.1545,TXN-40-78656,18,4.0
41,ORD-000041,99,726.62,71935.38,WqDYgqUMOUvvxXVXoPfjOGoEmmKtKzAGLtTAhkbOaovN OdX TzrynvcMuqGNFBUPBxRc BuMDBHcpvqRywGcBhRxMfPXKhvxjFLkynKWQMggxtBuPBYuuOWDIhUjLwqOxHggkGnyTCaUmFzveFmD,Product 41,CANCELLED,BANK,True,2025-12-13 07:49:56.455819,2025-12-19 14:49:56.455819,,Internal 41,,TXN-41-14250,86,5.0
42,ORD-000042,78,1492.91,116446.98,cwjJGKFPjyEXeptudwDphKoBBKG,Product 42,NEW,CARD,0,2025-03-30 07:49:56.455836,2025-04-25 02:49:56.455836,Note 42,Internal 42,0.4239,TXN-42-44034,68,5.0
43,ORD-000043,80,1769.91,141592.8,GAMAQUmpkgyQNkGvcsQlHKndpDOgruEYSkSWzz,Product 43,NEW,BANK,0,2025-12-28 07:49:56.455859,2026-01-24 01:49:56.455859,-,Internal 43,0.4071,TXN-43-17342,67,3.0
44,ORD-000044,73,3625.1,264632.3,DaErWQdhSrtCiGjgPqTLoeUtRqBjtbkeAQViszUqrOf B kbuTgqcSUrVfONbOHlkpCOJoigYDfCDoXQEjqVC,Product 44,NEW,BANK,True,2025-07-19 07:49:56.455880,2025-08-17 02:49:56.455880,,,0.0431,TXN-44-61369,23,
45,ORD-000045,77,4456.49,343149.73,SLGqRLJCZOygRWyyKLymlTGWuLJPUybzsyjOGgfRQrIPCvvGDZusRFPxPCmJeXEzFyDRjYdfROuAIeRVVHahhCuEkKqEWqXx sea vgptDcLRtTTmLuquuCJzjuWSi JhdaMzx eIwyPGwjADxsjGESmAvCtZELfzKhM  ,Product 45,SHIPPED,CRYPTO,Y,2026-02-05 07:49:56.455910,2026-02-27 14:49:56.455910,null,,0.3153,TXN-45-96997,86,1.0
46,ORD-000046,88,3168.8,278854.4,qcsPyByMwYQpbWNMDdzic QHpeATohoTafjFixQnLzQTsehXiA OmxHlMsIOgivpNNCuLzhUaXxJYKcWHYwWTrofIuONMFkrKjDJSaffxlpkbeXISYHLgTgIVEZVKnyXHWowVOridPurdYoxAXGjAhOlI,Product 46,DELIVERED,PAYPAL,True,2026-02-28 07:49:56.455937,2026-03-03 09:49:56.455937,,Internal 46,0.0094,TXN-46-75234,20,
47,ORD-000047,82,5.34,437.88,JoLVEBXAxSPPCa,Product 47,DELIVERED,CARD,Y,2025-06-16 07:49:56.455953,2025-07-01 14:49:56.455953,N/A,Internal 47,0.3161,TXN-47-94813,12,3.0
48,ORD-000048,69,4266.86,294413.34,eyOIjcukKVHteHMhkMFzdCqCSx bcPcgQJyJUhEXbhIyWcLgjcqQyjFRfAQlQwR JrZEhSQOFrghwKDxXcfSGPazajeI,Product 48,SHIPPED,CRYPTO,N,2025-07-17 07:49:56.455974,2025-08-15 19:49:56.455974,,,,TXN-48-45513,67,4.0
49,ORD-000049,53,1197.03,63442.59,GbjAYHPsamgCftOClOIokQKZzjJcIpxrQOcNXjPzgVMFrkJrP,Product 49,SHIPPED,BANK,True,2025-11-16 07:49:56.455996,2025-12-03 21:49:56.455996,Note 49,,0.1103,TXN-49-71733,75,4.0
50,ORD-000050,7,4452.55,31167.85,lGjtyktorbEofywOlpiQYVEDmvBTlzyawUnxlXYWVw,Product 50,NEW,CARD,0,2025-07-02 07:49:56.456014,2025-07-03 17:49:56.456014,-,Internal 50,0.399,TXN-50-22844,58,4.0
51,ORD-000051,31,416.37,12907.47,aMYhpIezqLTNbyOUvPtyHTdVrbwoYCQPeUMcYJVftGtjDdLk mgzXEYlNlsoKodszBgLJCpGQYQXdVyeVpYfoKAUBHpZCgsxIpdUmYIvsIrFKSxqgPjnzZOcsyiWLpZSKJimcqgnjDbqstCipWvAhyqaNZrLzpYZEhDWxKMVhDqvSxecHElXobCxJeBkqGYWthTtt,Product 51,SHIPPED,PAYPAL,1,2025-10-11 07:49:56.456043,2025-10-30 07:49:56.456043,Note 51,,0.4439,TXN-51-64474,57,3.0
52,ORD-000052,21,4028.56,84599.76,MvSFhq BrXFtaHojyEWkSpARqFANlPipHHgJpjWIbOAZFtzxnKZRtManEhyKsctHYcpHekHOFirqSQoKtCshhoPvWilASQDKYSLLQwWggasKhx BZ,Product 52,PROCESSING,PAYPAL,True,2026-01-16 07:49:56.456072,2026-01-25 18:49:56.456072,,,0.1537,TXN-52-37504,17,1.0
53,ORD-000053,55,3454.4,189992.0,ePOcfQBdgndJNPWkVjseSXYsiAMmEfEal,Product 53,PROCESSING,PAYPAL,False,2025-06-15 07:49:56.456090,2025-06-15 11:49:56.456090,NO DATA,,0.4602,TXN-53-72221,47,
54,ORD-000054,76,926.44,70409.44,Yjsulmf gfhOLDcrgpFqZxDpTkdSzJj AfxIehvFfXZdZrF gSMoLEoPIvzFvzoOfnAHhfcdJZuJiGfeNOQkJznsTCYbwWuqtybDTqLAhLzfJIKEzTAuAZGsZqbcSsNbVsfsssJnIFWdqrbryTEVoKF uuEQfJrAOrGtxASPSCpc vlNe,Product 54,CANCELLED,CARD,Y,2025-09-26 07:49:56.456118,2025-10-07 22:49:56.456118,,Internal 54,0.1737,TXN-54-20048,84,3.0
55,ORD-000055,65,4020.83,261353.95,JqvnBJDUHBjAJRXoHQTWXMdkymNOSvTWHSopiKmmhbQqz wVkobPoDIcMPcVqpdYVJUvSSmEAgJEPBAeFOqSNQNXlflovTcCLfCznoPhztqIVbNQcWJ,Product 55,SHIPPED,CRYPTO,1,2025-04-24 07:49:56.456142,2025-05-24 04:49:56.456142,N/A,,0.1182,TXN-55-67986,50,1.0
56,ORD-000056,51,4637.61,236518.11,pXOpTixqRIPoePANXrwWfindwMDrKOHjxHakqEfnLOIgFvXxUhjFroetutSEbbDGmeynTc,Product 56,CANCELLED,CRYPTO,Y,2025-11-04 07:49:56.456162,2025-11-10 15:49:56.456162,,Internal 56,,TXN-56-84349,16,1.0
57,ORD-000057,92,2629.66,241928.72,RAlkYRoNuwklRMkjQbZmxnEIeyUZvluwFdDcXysGJQLQaAuZJhVcjjAryeLwnqZAZotwVnRXBxiNAYDWHxkcjyiygVAx DyfMhskpSNRDJl aOjWnAerp gtX,Product 57,NEW,PAYPAL,False,2026-03-03 07:49:56.456189,2026-03-06 18:49:56.456189,-,Internal 57,0.4776,TXN-57-87883,85,1.0
58,ORD-000058,43,4848.88,208501.84,GyY WQgTQoQNCFenmOvbluvIYipQNWVFtftkxuoFewtjHeBZJILXBIeyeQp KpnwEDWBBvyMRsFOaNyPScwLqMOxQsWQle nJwauaIyvINMqRGKZJQehkRKjbzhmSTCeOhwgVNxzbxmpRurfSwwAEM bvBMXVTmdbEDoIVgHIxxi,Product 58,PROCESSING,CRYPTO,1,2025-08-05 07:49:56.456217,2025-08-15 04:49:56.456217,null,,0.3425,TXN-58-88918,92,
59,ORD-000059,60,656.66,39399.6,MuwXItzZikKezjiAQXAmD tnJjTAQrgmDz POODVTUGfcYQZOZPGTfDAigktMLOAUitRgkZOaSzpjoLv,Product 59,PROCESSING,BANK,Y,2025-08-14 07:49:56.456241,2025-08-24 00:49:56.456241,,Internal 59,0.2047,TXN-59-70129,67,
60,ORD-000060,47,4718.76,221781.72,haQYeq idOIHVdHLIBpvKDqNWaoBWLxkCPIKVPvkpbrMNg peDBOibQFmPM fdtHscIgpNy Q DVHCFspPLJLBnrERtfLRedVzxtBFBunAwxXzZRhgLgLT,Product 60,NEW,BANK,0,2025-07-18 07:49:56.456265,2025-07-19 16:49:56.456265,NO DATA,,0.1847,TXN-60-25566,78,4.0
61,ORD-000061,15,605.21,9078.15,pBgqtpbhPwXqpjNaDdczqxrtSShhHOJhMeHHuVrcJxoeibHOqIIeYCOYBNAaICZokRSEeCqFAXsjbBueZCpjOiYJdYjLpfhVnXVcmFmAAYoqDdbHWaDFfOIgExSAPhCimYYDcRYGIidWonK SlSoiCd,Product 61,NEW,CRYPTO,N,2026-01-14 07:49:56.456291,2026-01-20 06:49:56.456291,NO DATA,Internal 61,0.1054,TXN-61-76167,41,
62,ORD-000062,44,3176.21,139753.24,LoJrlYrWhWGaajDKzueUICVRxgZtFuSR gtkaNOKLkRHQlZZbALGa HfoAjkNJFjFNgXTUMoSbZJGKUawJITrSvgBABcMcWCqurUQ lKYWkrdHbwbQXSnzYSRBmdFxfxgZWuVKPdQcGwfccTvGvTPHyywGfIJbBFfaLFSVgAszGjhcgEBIsEChyFpZBIhmRDcsZHk,Product 62,NEW,PAYPAL,False,2025-04-10 07:49:56.456321,2025-04-30 14:49:56.456321,NO DATA,Internal 62,0.1656,TXN-62-85813,73,3.0
63,ORD-000063,79,1498.86,118409.94,iyPclalmHmMYrNkj tdbgpkFOcbkjUMsDjbSWbJuPfXqmQJXZ UUdhWQkutFZmcGkCPrcQUTZUleyJdANIAAyrtKL,Product 63,DELIVERED,CRYPTO,1,2025-05-24 07:49:56.456343,2025-06-10 09:49:56.456343,NO DATA,,0.4474,TXN-63-69255,31,4.0
64,ORD-000064,28,1530.69,42859.32,EXtDhexsEyGwyvQqujmIteSBIPXfdckkrqRKoL  NNWapRPvvEIzBOhvmNzBPOMyPqjOKlxDtEgXaQSswKvPCrbPWiYrHFGTZkuCj,Product 64,NEW,PAYPAL,Y,2025-07-29 07:49:56.456365,2025-08-25 13:49:56.456365,N/A,,,TXN-64-98458,71,2.0
65,ORD-000065,5,4132.55,20662.75,zjdZpmIddBjTvifCzdYTgkwLzFXFAKoahdvQBWUyENpUyLLpGQjnVMyWjEuYmUoHpWKMlA D efOrxnAydKNuNTvagWrNzdDmYhRSjafpCueOJislbJlKSRHLVuqcaOOXtmew rkJlUQSiiwfrDkkCXglsjvquy,Product 65,NEW,PAYPAL,N,2025-05-02 07:49:56.456391,2025-05-18 00:49:56.456391,,,0.2055,TXN-65-88494,64,1.0
66,ORD-000066,92,2681.37,246686.04,jYF KJZKrHUqTzrGFuHmF mGVqNOGdtpikcWFYNroIOBZIpbSrmCWJnKMGurxaUdkHhkeFSXmeMqMmjnpxHoPeZvixAMORQbuTOWFiMnyytGdhyikaAMAXXZtzHFvcWuDkxnWMBzKKIXMmbRHJKIny,Product 66,PROCESSING,PAYPAL,False,2025-05-13 07:49:56.456418,2025-06-06 23:49:56.456418,NO DATA,,,TXN-66-22098,83,
67,ORD-000067,50,1988.94,99447.0,ZeWUiwKACUFMNWUfEQRolNLaiAfPwwpwjjhzAfElkNQk UxWfHeegdbmzOaoYJPclPtBYozOGrKsqmtvGZUQaUvSXbgCYNnxKUBIaHXrHUZMJmzNQsXXzILfuGLUUPLbAeS  yVYzCmjYLf bXruoMJYJJW,Product 67,DELIVERED,CARD,N,2025-09-28 07:49:56.456445,2025-10-07 20:49:56.456445,null,,0.1885,TXN-67-60023,84,
68,ORD-000068,72,4831.27,347851.44,QlgeeNXNgtTYEadCSZqtKQBFluCyhXSAyFhJQLFq g LzRALt rRlMQLcTjzu IS DrJ OuBpKkTugNEQTLyihKphlNMaMEJ hYwSXfZjcZIFZHvbmzK,Product 68,PROCESSING,CRYPTO,N,2025-04-08 07:49:56.456472,2025-05-06 09:49:56.456472,,Internal 68,0.3252,TXN-68-46073,81,
69,ORD-000069,57,1837.25,104723.25,ggHWlF zKfFu LpgrLTCvLuRPCdSCRINkIg,Product 69,CANCELLED,BANK,True,2025-06-06 07:49:56.456492,2025-06-25 08:49:56.456492,Note 69,Internal 69,,TXN-69-26884,74,2.0
70,ORD-000070,84,806.89,67778.76,nNegpZjZIncYVpChzqW GBKJcbhTlhDFoMwDnIiyYJXhkHoHILDIBiRqPuZnoCKvreWPhQofZlYPgBUFQfsEoofcqNjQJPDUvFnKLIhEoWHtPJwyxsypYBMWmHeqOSHemeEepXQaYJXhAKJCgakS,Product 70,NEW,CRYPTO,N,2025-06-17 07:49:56.456517,2025-07-02 00:49:56.456517,,,0.4823,TXN-70-98410,98,5.0
71,ORD-000071,29,874.9,25372.1,SBYwutgWnCOgpplNElqXIRbyGzsGrsaVjsfAeBigziIlupwjRfxSiswtUkkcuNVikzJowDQLrOUAWSuffbiAOmJsZNxpzOniBn,Product 71,NEW,PAYPAL,N,2025-11-11 07:49:56.456540,2025-12-09 17:49:56.456540,Note 71,Internal 71,,TXN-71-23508,90,
72,ORD-000072,65,3055.89,198632.85, FHmhc XwGecvqHmrzBIqooswqcccNlzWfjYtqfaDTrNtPCtIluVg,Product 72,CANCELLED,CARD,True,2025-05-21 07:49:56.456561,2025-06-18 05:49:56.456561,Note 72,,,TXN-72-68427,13,1.0
73,ORD-000073,70,3095.43,216680.1,M kMckDnUTWZVxMWdwXAbFKgcEQKNvKUZiNuPvojilKUPyLBqlLDjcmchUXoPInRCasGteLDMvGrdRRlZj,Product 73,NEW,CARD,N,2025-03-30 07:49:56.456581,2025-04-15 14:49:56.456581,NO DATA,Internal 73,0.3172,TXN-73-82204,27,4.0
74,ORD-000074,29,1621.99,47037.71,EQNimMtVejjTkzMIbijuGddmWZfBMQFubROIcnehHaZYfNrLkzDxiricK,Product 74,CANCELLED,CARD,True,2026-02-23 07:49:56.456601,2026-02-27 16:49:56.456601,null,Internal 74,,TXN-74-64432,19,1.0
75,ORD-000075,29,120.98,3508.42,uspWKKLVA lYoertXeciwrjwVKHpUoAtoWQPTZPhhxQZRfwMhrgOsAzZFHhYWuDCACmeLBPQletkTtzhfWtTPhySDXwllNgKhMKwcfEzFihhmaSwOy,Product 75,PROCESSING,PAYPAL,0,2025-08-19 07:49:56.456626,2025-09-02 16:49:56.456626,-,,0.0779,TXN-75-94207,5,5.0
76,ORD-000076,97,868.73,84266.81,aSKUDRWALwiZBZglGljNDSRyqIRiQIkfeFSboCdFOqDHbo,Product 76,CANCELLED,CARD,Y,2025-07-13 07:49:56.456645,2025-07-15 05:49:56.456645,,Internal 76,,TXN-76-50449,2,3.0
77,ORD-000077,97,1412.73,137034.81,AqusgJrVAAPbQzUbiKeHYmlKhM A GBOxgpHXcLKm GYE faOqTQVAyipdEsdLy ZOxWXZztpvGKxBHqevxU cZdPLDiftETlUJsyCRfjf,Product 77,DELIVERED,CRYPTO,False,2025-08-24 07:49:56.456667,2025-09-07 07:49:56.456667,,Internal 77,0.3022,TXN-77-37870,90,
78,ORD-000078,61,572.52,34923.72,ciyHqbFuXtwzcUYKoHedvpLUBJnSeVsNiswzKiKsKuaPFeJGr XNNqhyhTgZvBaxSgxZflZwCiusYZEaRaVATLIyvsCBOgjwjFCuSKxpGXT QfIGvANXfxEbp,Product 78,DELIVERED,BANK,False,2025-07-28 07:49:56.456691,2025-08-20 19:49:56.456691,-,,,TXN-78-71548,16,3.0
79,ORD-000079,60,2065.26,123915.6,LNatlpUoSQvmVvaitRRFrY mZkIRQEgHZjVBxfQAHPSHnDYkexHFbLWeuNgyHsmVpCmPPOIoXHHEfyFfoVeAtSuAbdYeKtqWQjajEGbZ zGCiNXkbbBiTglrlMXozYsDpNABvkjKVouEOqQYzUwNRHGwEtHdibBFpRIZsbjrPs,Product 79,NEW,BANK,N,2025-09-08 07:49:56.456722,2025-09-24 03:49:56.456722,,Internal 79,,TXN-79-51758,89,1.0
80,ORD-000080,92,1645.02,151341.84,ErmdpllDLYQJEIKxRkcAcogxFFmbaPEaygZbCBrayRvpqsePAcp AHWSXflRh TMleMRRCaKcUccqnKPuLXEgqhETVHJBmzzoOzeOLsSmITKdAlJyuzsROBqYLIS,Product 80,NEW,BANK,False,2025-09-12 07:49:56.456746,2025-09-28 17:49:56.456746,-,,0.094,TXN-80-46416,55,2.0
81,ORD-000081,88,1536.43,135205.84,IhUNmVjbJxoXewhAAcofIMwpvFCAwKIYlcbodfmGLufMUokPspFMeALzqWmqdjVhazrjneJTFZEznfRE SBiheqNxM nztasLVPTVFfKMbZTIhAmNZtNkYHZUJVxYBoJVuw qcBsGwyZPpZAKyhZHJqp,Product 81,SHIPPED,CARD,0,2026-02-25 07:49:56.456772,2026-03-06 13:49:56.456772,N/A,,,TXN-81-50084,1,4.0
82,ORD-000082,46,3301.61,151874.06,chUPA,Product 82,CANCELLED,BANK,True,2025-03-17 07:49:56.456787,2025-03-28 20:49:56.456787,,,0.4591,TXN-82-48116,29,1.0
83,ORD-000083,61,4664.74,284549.14,RHwZfnqqDJrEKkhDpeEHCtUxhxqXLywwvbDYwOGqmBgCDpOuvaQUyccRIrfpzrdNJNck,Product 83,PROCESSING,CRYPTO,False,2025-11-23 07:49:56.456806,2025-12-22 02:49:56.456806,NO DATA,,0.1554,TXN-83-10845,63,5.0
84,ORD-000084,89,1004.3,89382.7,aGgfkzSxcgv RSCRKTGwHj,Product 84,PROCESSING,BANK,Y,2025-03-24 07:49:56.456822,2025-04-16 14:49:56.456822,,Internal 84,0.1447,TXN-84-23109,76,4.0
85,ORD-000085,48,3338.83,160263.84,uQyRhpguEbIIxWshUyaiATlVBBjiIDyThPIWdSzZGjLAInKFEERdbMmJAKrmOWQfUMuZWdnbNxtHbjfxhHDkAJlNxCPebYfbhaPETsKYM,Product 85,CANCELLED,CRYPTO,False,2025-12-01 07:49:56.456845,2025-12-25 15:49:56.456845,Note 85,Internal 85,0.1782,TXN-85-83229,18,1.0
86,ORD-000086,57,2138.13,121873.41,UEgBfAcCbRpRusUipCmBGqGCVEX IbwkVdkRrOWdAQDGSQsdwNXVzgMfAlszPUmXbPkGuKazutgLDggGVssWmeavNQCcQUnddxoqF,Product 86,PROCESSING,PAYPAL,False,2025-05-11 07:49:56.456870,2025-05-28 06:49:56.456870,-,,0.0382,TXN-86-81256,27,4.0
87,ORD-000087,91,3676.36,334548.76,VTxqtDUmVqCfsvYzeWSBqDgMPbmxOYbSoFpZdTuauxluICJbOXWNrRnNlbMGTPXNQDYXp CwMOnYy mWoKo OpEcoonIOaqJ,Product 87,SHIPPED,BANK,0,2025-07-24 07:49:56.456893,2025-07-25 00:49:56.456893,-,,0.4829,TXN-87-72941,82,5.0
88,ORD-000088,28,2043.65,57222.2,XoGqdjOoUgHhGcgcKTEcMdLnnJTsMFsexBmrtRwIUhrPrvIyZGicXWbGQBPAEslSbMu eeXlAEDwMSBczBxoSpmmOtyNgmMUtsAWIGxwERgCPvEhnpqew EHOVUagnDXNgbwK hTWVsvDLgVVFG cNsxv,Product 88,DELIVERED,CRYPTO,1,2025-07-16 07:49:56.456919,2025-08-15 03:49:56.456919,,,0.2948,TXN-88-76764,11,2.0
89,ORD-000089,1,2968.17,2968.17,JyqjMoOmAcBBAXpuOYcYUMwoUqsipzliXnGfmofDAiFcVCkzRtoYwxgyWLWgVAehoJZQNldiryMJdKVcfLBkDSHYHnFUlkyzjAg,Product 89,NEW,BANK,True,2025-08-07 07:49:56.456944,2025-08-10 03:49:56.456944,-,,0.0194,TXN-89-44481,79,4.0
90,ORD-000090,81,2919.91,236512.71,sCYUSUJzHFCplZVOwxnwjYJsvgUSTFKbolTvDrJvQwnczlHcxlUCPfZGgCYbuPrsOdclC SuMpitvDnaSOBAPcpbHKbNRuvRUTeALMbNCWfFuSTPwNqyfZEtwlvopLAu MYOLxEbOxzfqhHeDlXFevSBSOdAvNSbKFUolDzA,Product 90,PROCESSING,PAYPAL,0,2025-03-20 07:49:56.456972,2025-04-09 21:49:56.456972,null,,0.2129,TXN-90-20158,49,2.0
91,ORD-000091,97,69.11,6703.67,NixZcwjQzNCvpxpWJBGtIhBkGLBnyXXMThBRawhdZqjKCrdyisDlHXoRUEqHvnCIeiMonfQFOrOFoQUJziP eQhiUrVcBxJrAgDtuzqBCUSYYSLSDzPKDxsbtyJMlD XujNaxBaqet,Product 91,SHIPPED,CARD,Y,2025-10-29 07:49:56.456997,2025-10-30 17:49:56.456997,NO DATA,Internal 91,0.1991,TXN-91-43166,36,
92,ORD-000092,8,4855.73,38845.84,TX HzzUNQcbV,Product 92,PROCESSING,BANK,False,2026-02-03 07:49:56.457012,2026-02-21 04:49:56.457012,Note 92,,,TXN-92-93555,91,1.0
93,ORD-000093,41,488.28,20019.48,oTINrJVVi MtaJwJdkOhojcGKvHSXqDgySeXeWjeqHbiaHyUXqKXTNNqupoDvSokZnxestOBRKjYFiE wIKpsZDNoBllnWBHzyrDIVrftVizrVjsiCNxGFKMzmMFzvcXmXXfwoEFiipFKBYE,Product 93,PROCESSING,BANK,N,2025-09-28 07:49:56.457037,2025-09-30 14:49:56.457037,,Internal 93,0.0707,TXN-93-55364,59,4.0
94,ORD-000094,22,2303.48,50676.56,hUpemkemKStzsyKLWJSLOfgOhOVRMwudzNFlGOtsRGNWIhjlxrIwpuRbYwiKSyeKfTQaqEuyzYvOqnHFQxtzrCtPZCuJhrXFkRMycogztVKnrpRCjsarHFsbNnefMHwoZKmRSMByethZHUuZeXNwbYnIUSwgknqBTmQtzOxNPoJGW,Product 94,SHIPPED,PAYPAL,True,2025-08-21 07:49:56.457070,2025-08-30 03:49:56.457070,,Internal 94,0.1374,TXN-94-70613,77,
95,ORD-000095,41,486.64,19952.24,ardpLRFHruXassxyNlKJnbTZHDsl tpqJbHisw bZDAmWgGTfl EjiPMvvNwFq,Product 95,SHIPPED,CARD,N,2025-03-31 07:49:56.457090,2025-04-27 07:49:56.457090,Note 95,Internal 95,0.2663,TXN-95-39504,52,4.0
96,ORD-000096,97,2320.11,225050.67,iUvaROIKfEwwkblGAeEvbGiHKYbFPuBkWyMmzLkhdbEyKxmjyHQSUWmMdNKvByuPYUCLG LxRdRRMcvXHxPfSOEPMtIhmzorKyLNOsKrxnobhBbUDLqLEqLJ,Product 96,PROCESSING,BANK,False,2025-05-10 07:49:56.457118,2025-05-22 18:49:56.457118,Note 96,Internal 96,0.114,TXN-96-37742,75,3.0
97,ORD-000097,19,2921.59,55510.21,tAUBzVZIFABuXIUzzuJdlkhGMgkAEHaNRPVNtbHYAoYSCeQxBmQjXTmMjZooNMWWhqlmOzf,Product 97,NEW,PAYPAL,N,2026-02-08 07:49:56.457138,2026-02-16 16:49:56.457138,-,,0.238,TXN-97-23090,70,5.0
98,ORD-000098,28,2991.87,83772.36,EETfUPkQGyaNFAjABYpTnoDqxZYzqZyidwqXxHCjPOlAqCfpGEiiOPTGiY IPPoXzTqhrsNxwuwOvZsQZ,Product 98,SHIPPED,CARD,N,2025-12-04 07:49:56.457159,2025-12-13 04:49:56.457159,NO DATA,Internal 98,0.1867,TXN-98-52184,55,4.0
99,ORD-000099,42,2790.78,117212.76,klATfmrzMyZcIKWzoGtfHotWfhNrPvihpkemEOnCpbOdPLqTVxUjyyrJLnNbgvvzcCWBaxbAQPAEHMDZPCQSeWG NOwoxUNIdIsBKRwbEaRblwnlJryJOEsUTiOkjbFSPCYrqmlqwoXlshVxStxNNuxvkuRejWMgOgzGNqk QtnfyaQvTsYSxSp eIuyYoIrhn,Product 99,CANCELLED,CARD,False,2025-06-25 07:49:56.457191,2025-07-01 22:49:56.457191,,Internal 99,0.0306,TXN-99-37502,95,
100,ORD-000100,38,1859.15,70647.7,RwjBiQJtXPbkvtSGbbbyMhvCOMifslwdZyvVxTQazVnrCYJfASEgBQhINMoGnnMpLyFB oVrthNTNQHQZaHSmvazTjUZv ynxNIBr jsUOyfTOn,Product 100,SHIPPED,CRYPTO,N,2026-03-04 07:49:56.457218,2026-03-27 11:49:56.457218,,,0.2287,TXN-100-24566,16,5.0
101,ORD-000101,92,1479.27,136092.84,qx eTAvX kSlaMsFiTBQtmYCtfiHGSNiXGToYYpVZVyhXanDqWGYdvhROQYmPIukSdZoVgNYixJOagqfHyJpgNydZWso ,Product 101,DELIVERED,PAYPAL,True,2025-05-01 07:49:56.457240,2025-05-21 04:49:56.457240,-,,0.3457,TXN-101-73871,98,3.0
102,ORD-000102,29,2614.67,75825.43, FFtUJSZwHToMonAwS efQmAFJf,Product 102,DELIVERED,CRYPTO,Y,2025-06-25 07:49:56.457257,2025-07-23 18:49:56.457257,-,,0.2952,TXN-102-94237,13,5.0
103,ORD-000103,13,588.25,7647.25,mELGRMcIxyTbvQNwWljHrpvbyVtKsZoPrLHOiDTINNPjAesCQZqqWevGHOkTzrxtiiakqAIpDjGeeLWJThsshuSNUQGZrlRni blKlUxRhpZTzxD kjBvEVunQtQwtXmCeKrRLQEfW LCfRmsLZRloSyxFd bxIVzLdsYonVbFwOhvJqKqmQAvOZFTZcNFPddvikZP S,Product 103,NEW,CRYPTO,N,2026-01-15 07:49:56.457287,2026-01-29 10:49:56.457287,,,0.287,TXN-103-99830,50,4.0
104,ORD-000104,49,3482.38,170636.62,SjqjwnenksIexenUdDKfa arqQEtdjHACZfKitjx,Product 104,PROCESSING,BANK,0,2026-03-02 07:49:56.457305,2026-03-28 20:49:56.457305,,,0.1558,TXN-104-48198,14,3.0
105,ORD-000105,88,902.9,79455.2,ifkiGryISPYJdnhYAQcd zSINFSeIWDLBOIohOpHvtzArzuAPpKcSjeVNEjqcbZusCRKwATAKclyjlqLAEGcuVgpVIWrjumWviFGnWKLVqXIWvaRtSkPnaKcOgKdgiPdCiNYLKppT,Product 105,SHIPPED,CARD,True,2025-08-27 07:49:56.457330,2025-09-04 21:49:56.457330,,Internal 105,0.2591,TXN-105-14678,61,4.0
106,ORD-000106,14,557.92,7810.88,SjOQmGxhFcXOkl,Product 106,SHIPPED,CARD,Y,2026-03-10 07:49:56.457345,2026-03-16 19:49:56.457345,N/A,Internal 106,0.1751,TXN-106-36299,83,1.0
107,ORD-000107,51,1900.79,96940.29,AlHrMbxSFpiCqfdBaMMrcVKaaduETObCbRzEuKuWmznZHzVyUlpMZuniNwpcvUT gHlvUyxYyrJhCnL,Product 107,CANCELLED,BANK,N,2025-04-14 07:49:56.457369,2025-05-10 16:49:56.457369,N/A,Internal 107,0.382,TXN-107-63504,48,
108,ORD-000108,40,1068.35,42734.0,yCxVYUvkrVIXwXbkEj KOHEQhqnNOzGOCHbfdbWUr,Product 108,NEW,PAYPAL,1,2025-12-04 07:49:56.457387,2025-12-10 17:49:56.457387,,Internal 108,0.1815,TXN-108-51353,75,4.0
109,ORD-000109,61,1693.77,103319.97,pfDViwCGiDy KVZJhxOhuujbKRXEjVZYEU Udhpuh PJYqLYe,Product 109,CANCELLED,CRYPTO,True,2025-05-03 07:49:56.457408,2025-05-28 11:49:56.457408,-,,0.1264,TXN-109-77295,36,5.0
110,ORD-000110,4,2448.56,9794.24,cmqxwcNOyeDgZHMbuVubJKrQTPvsXMDzoWWeJqAgQQfdtiQ,Product 110,NEW,CARD,True,2026-03-11 07:49:56.457427,2026-03-25 20:49:56.457427,Note 110,,,TXN-110-92067,59,
111,ORD-000111,43,3930.87,169027.41,GchWXjMewKlLuHkRLALyMFTxAeZnUEkg,Product 111,NEW,BANK,False,2025-10-04 07:49:56.457443,2025-10-14 00:49:56.457443,,Internal 111,0.2962,TXN-111-88846,53,5.0
112,ORD-000112,82,1427.73,117073.86,nsmaVKoidAVdOwJVxZJqOWKGYEMqsQtpzCNmjKvUrQYvUyiNuYUPuUhtxRViYlazokAiRTokGAxTzJsfYLGhBAlzYHrqGGFCstKgDzatnYKWVHVzos,Product 112,SHIPPED,BANK,False,2025-10-04 07:49:56.457467,2025-10-31 06:49:56.457467,null,,0.3047,TXN-112-42649,63,5.0
113,ORD-000113,61,4452.89,271626.29,BfNHeAFVYoxPPohSdnHrRzhoq GCRIYFgMMkQoPwRanhbIOeyWhHDFOfooLyigYgTDtqMDHIurSboDEUcMgdd,Product 113,PROCESSING,CARD,Y,2025-12-24 07:49:56.457491,2026-01-03 07:49:56.457491,,Internal 113,0.1691,TXN-113-64085,44,1.0
114,ORD-000114,64,2003.4,128217.6,BIuiRRxgWnmIDcSlclmi,Product 114,PROCESSING,PAYPAL,1,2025-08-31 07:49:56.457507,2025-09-27 08:49:56.457507,NO DATA,Internal 114,,TXN-114-47963,64,1.0
115,ORD-000115,86,3574.0,307364.0,DcFlEaLEtVilCWNoDBikGrrngpbFIBvjcQNUkENSJURtcHEUnBqljrAMMyuNWzFQJXefabcaoaxMYftIZNtoIpbghyX WgHYQUXjfMyUKobDdKl,Product 115,DELIVERED,CRYPTO,True,2026-02-26 07:49:56.457530,2026-03-19 12:49:56.457530,-,Internal 115,0.4865,TXN-115-85597,6,
116,ORD-000116,9,4797.18,43174.62,LMkoJZjKQ cDTDLPLNpetRCtVMCqHvEt OhJVJvYenhXIxCKVsW hsHNTEZPRvRU CBEnDXNKPzr,Product 116,SHIPPED,CRYPTO,Y,2025-04-15 07:49:56.457550,2025-05-02 01:49:56.457550,,Internal 116,0.3439,TXN-116-23949,29,
117,ORD-000117,83,2268.82,188312.06,VjaQAfhdYmvRCfRbbgjPdnYwsvKpulwFzGcAbqbLTuCfKGsZzbczWzCeMLWyNm bqPTlvagTPXxAyKuXIcFLAVpiprfiSkzaPQVOcjsKSmxLWfhNYDxtLbBKHfzoDwdnYsvWWUgiEJx tndPjvDmhhLadPfJFaUhWTQjzzfuHCQhgBTdB EnNS,Product 117,SHIPPED,BANK,1,2025-08-21 07:49:56.457578,2025-08-23 20:49:56.457578,Note 117,Internal 117,,TXN-117-52006,100,4.0
118,ORD-000118,4,963.84,3855.36,XuGTNgGPVIOiFpOwbdeVhHtuyQWqCrqYBuUKKWGJEyezsBHnoopBqWWDsqRBvnwIOVhOpKtCrQEjMUHkPSjIAnzoEChGnZR akXXy EoEkcw FzugjtQcSoDoPXKkVEarHowmGEoDSiDqlQRkGYeNZozfSlyijlfmqEFulfeLxNuGuCoUAPBrAGSGtLFLu,Product 118,DELIVERED,BANK,False,2025-10-08 07:49:56.457606,2025-10-23 08:49:56.457606,-,Internal 118,0.1453,TXN-118-40263,49,5.0
119,ORD-000119,61,4803.31,293001.91,XmKxQusuAMWenmt ziTIFQSZtOeWeKceXypToWmqBmecIPYXjDXVmQkLdfRjgyOMiXnaTOBbAdhcihTSEonjfnHNduayQJuCvBYXsGMNNBvAAQkFtpGvttqkaxHhTPNIqmamxzyyUywcYVWpcyuIwFsBzXUzskWi hLoblBbvQyGpcBgxzOb,Product 119,CANCELLED,CARD,False,2025-09-05 07:49:56.457638,2025-09-19 09:49:56.457638,NO DATA,Internal 119,0.3176,TXN-119-28868,19,2.0
120,ORD-000120,12,3084.75,37017.0,ucqYkEwRiCnWadTozdy XAeyVGZTYnDVRrJBJSFKQPnRwoXpZ cFQnRDSlYyifCtNwreizXdqVx,Product 120,DELIVERED,BANK,0,2025-07-18 07:49:56.457658,2025-07-19 14:49:56.457658,N/A,Internal 120,,TXN-120-40891,63,4.0
121,ORD-000121,51,2942.53,150069.03,wmmQrFFTfeNhwVXQKicybpSJWLJeiqf ecaWPVRzopSdGhyTiPBAlpurizxYqIRwXQSJlyLbdUh gMorqmzvXJJMqLVItuscSQuRyZPTxRNL,Product 121,SHIPPED,BANK,True,2025-12-23 07:49:56.457681,2026-01-02 23:49:56.457681,-,,0.4942,TXN-121-29420,6,2.0
122,ORD-000122,31,2564.41,79496.71,YWMwOHLQtazRAlrINACV GGxYQyMCCOcrvHPzUXWGmqFxpIcmVnoCcYxvwYQoRCwAYQHqFc lJpgm DrCkKeIYbgNnIJwWkifXqCDd UTamPQYZgxgOPygJoePsukYMWGZO,Product 122,NEW,BANK,False,2025-09-23 07:49:56.457706,2025-09-30 03:49:56.457706,null,,0.4624,TXN-122-92781,45,1.0
123,ORD-000123,44,4267.68,187777.92,wQPviGzFKZNSXPDyrtVbjEaJtrNaqyhfBOFzDDOgQPHnCwcfXJ KR oT ZtANvbpjehBFfgZOqgEEecqOOWeLXUCWIfvXqUerNheYaVcQvfiXVnrjWLfRyMgNRKmvKUEMSAmwGuRphZvEoGVLnGagFNKEREZnLmncduZofalfKvsxhIgtZuBoJThujJYmzocaydVdy,Product 123,SHIPPED,BANK,0,2026-01-20 07:49:56.457735,2026-02-01 13:49:56.457735,,Internal 123,0.2131,TXN-123-11804,61,5.0
124,ORD-000124,9,2932.84,26395.56,qlkTSZozxhPIu DIhotnfTBqvdYfVnmYXTEWWHZaYrKDEakfqOnQFHJYDsuHVrTsOCAwDKfVmTkv dKZxhNlfnWv IVVeW,Product 124,CANCELLED,CARD,True,2025-11-09 07:49:56.457757,2025-12-04 19:49:56.457757,null,,,TXN-124-46317,70,2.0
125,ORD-000125,85,3786.87,321883.95,aSRlvreEXowssxKbfHbojiNMklhyJlhgWkHUpKidVzatCKVfOlifmRoBDJYXVW Ui CEYwGQonlMObvtCXUgKVmLYfzWENhBCmgWAGUmDrCnrhjwTkQlHBHdMCNrioSbOPPKTMeiNHeKzQxVIdHZbhsugWINneRFEzAWejOAPqyAyccJUuHeMohugvQB tc,Product 125,SHIPPED,BANK,Y,2025-09-06 07:49:56.457785,2025-09-08 01:49:56.457785,null,,0.0265,TXN-125-37252,31,4.0
126,ORD-000126,78,4280.27,333861.06,ys OPYTBgdQXTnCVWNnMYIDzUnkMjIvmJhvJMBIJqpbUOgMSwfYnycuYHiYtpUjPMtCjkTMJyqPTBYCWblfmKBSoMhGKJspH pklZRkBFUgMQQeLyyUgcZmeJAhI cvbeeNOAY fYTPMBaWlbQF,Product 126,SHIPPED,CRYPTO,True,2025-06-09 07:49:56.457810,2025-06-14 17:49:56.457810,Note 126,,0.1886,TXN-126-71901,82,
127,ORD-000127,64,1320.17,84490.88,RFYWWUKuGsUeFQUHEfpmCsbh kRilFhmorenbNMgCXctbPmXwZNBfNwSXYUcUtvGROuKdXlYOnscw,Product 127,CANCELLED,BANK,0,2025-05-29 07:49:56.457834,2025-06-02 22:49:56.457834,-,Internal 127,0.2807,TXN-127-28690,80,2.0
128,ORD-000128,68,4157.13,282684.84,NcmVaBxkpzJDVhcmtMcJxKGctDLQpja  EiOLHHOEtPpDGFMJ yVpCtuYnrfbAqGZkjkjPRphZvDXvL,Product 128,CANCELLED,CRYPTO,False,2025-08-26 07:49:56.457855,2025-09-22 14:49:56.457855,,Internal 128,0.4862,TXN-128-14000,83,4.0
129,ORD-000129,23,3746.63,86172.49,D mGrJWIVBIDaRpasvJ VExbQPvOChJeDEsHWlDQfSUOQqrWgSPvhFOToVTSiNaJBFWu gZukekGRRbYtcIe,Product 129,CANCELLED,CARD,N,2025-10-04 07:49:56.457879,2025-10-06 14:49:56.457879,-,Internal 129,0.4314,TXN-129-78394,26,5.0
130,ORD-000130,57,3210.72,183011.04,hMloaAxoiLxhvTJFsDeUMRWW DXdPbXJnZkyehXsXkWvyXyk WJeiulwRZqyCZtkxVCqFMiEcTpcRwpcxKSvCXVNABWdSHUVFRfkBZjCMAMGmwRUCUSjKqbmNYbPFMwK yLvXmvPhPtaCeSjHri JIar XKvhdIXdErvy,Product 130,CANCELLED,CARD,Y,2025-05-19 07:49:56.457906,2025-06-11 02:49:56.457906,Note 130,Internal 130,0.3117,TXN-130-81022,37,5.0
131,ORD-000131,3,4765.48,14296.44,VcrbGMJCZFKApgUrMBHIpxCyQWKxsjVvukOIb,Product 131,CANCELLED,CRYPTO,1,2025-09-04 07:49:56.457923,2025-09-07 14:49:56.457923,null,,0.3318,TXN-131-70477,64,5.0
132,ORD-000132,69,2462.86,169937.34,hHWAMiSqEANPCKaIKPtKUJTOuMrycJiVjNTojByuhRGjnYKNSPSlXCVEfvnKWjOMXjYuZjYlKsGKfTXfLtbIBYYDaqzKRlkHgJBEXfzzcBLEobSlqryrrfMtURzSBmwTcYoSKIfYQbsyGYg,Product 132,CANCELLED,CRYPTO,Y,2026-02-15 07:49:56.457948,2026-03-13 02:49:56.457948,NO DATA,,0.0034,TXN-132-57315,17,2.0
133,ORD-000133,66,2634.39,173869.74,vVXDWPwYTEwNCoThLB VoHMwtTPSpAqGgeK bXaciqHFUdmIR grqlrzBHwNKppBGuGLhZKXwVPMpvNgS LWpYdlRLQfhS,Product 133,PROCESSING,BANK,Y,2026-01-03 07:49:56.457970,2026-01-30 19:49:56.457970,,Internal 133,0.0295,TXN-133-11063,12,5.0
134,ORD-000134,32,2077.42,66477.44,iMybiyBeyPVzrNtHzuTXrGBPJyVDMuDjxgydKkPMXIZYXrjEEGNUYMQIFHmDmiILmEVkDqwzINUlQpXEnnQPGMjxRTxjjdcnVyBAfzVrEDWmhRNfQvPTDjUoDGXUBAEslN,Product 134,SHIPPED,PAYPAL,False,2025-11-16 07:49:56.457995,2025-12-13 11:49:56.457995,null,Internal 134,0.3993,TXN-134-15300,26,1.0
135,ORD-000135,36,4889.97,176038.92,WIRTEfdSilMVTbhEPMFsbqzIMkGkawylFeZhchikgKLyyIcGNefvgjgMxMJXOXkHM,Product 135,NEW,PAYPAL,Y,2025-12-09 07:49:56.458015,2025-12-27 16:49:56.458015,-,Internal 135,0.0067,TXN-135-33440,59,
136,ORD-000136,86,4056.48,348857.28,fOofpPKHhraJ hpgSFLtZMSdNIQlJFgKAafZgowtrtqWlbXVPb XwtimAdFdMZwTbmgoIVsnTRKIlLpngGWvAWHtVqdxJ twjnzfSnxfDOQBcbWQDfvOeiBCBRJxhbMZLykcynymec,Product 136,SHIPPED,PAYPAL,Y,2025-10-27 07:49:56.458040,2025-11-17 06:49:56.458040,N/A,,0.0875,TXN-136-35762,4,1.0
137,ORD-000137,73,2176.05,158851.65,CBswwnbgakJUkvRWxnxuReFBSLzbZvwqrFOQcFJgnbIFCXdLOTHoan dPcGAQpRRXuG HIkFKRuDpvuflpczomjrjNZJFE,Product 137,NEW,CRYPTO,True,2026-02-11 07:49:56.458070,2026-02-22 13:49:56.458070,,Internal 137,0.4779,TXN-137-28293,4,2.0
138,ORD-000138,60,255.85,15351.0,RCjeciJbQHfXXYQmKNEFUPxhfZZMCHZXARTZXVqhOxUsBXExAxajRnczzeSSueFeIeiVJFPFwVhMuXJSJccsLnPPwscVIjpVKDrufXETIHjHUXLpGunoGbyqda,Product 138,CANCELLED,PAYPAL,True,2025-09-01 07:49:56.458095,2025-09-07 08:49:56.458095,,Internal 138,0.1216,TXN-138-92616,53,3.0
139,ORD-000139,70,2734.01,191380.7,AEPlC,Product 139,CANCELLED,BANK,Y,2026-02-24 07:49:56.458113,2026-03-14 21:49:56.458113,,Internal 139,0.0757,TXN-139-79102,57,5.0
140,ORD-000140,74,341.68,25284.32,HdplRFOMsO,Product 140,CANCELLED,BANK,False,2025-03-17 07:49:56.458136,2025-04-03 16:49:56.458136,,,0.3599,TXN-140-10055,44,2.0
141,ORD-000141,32,219.91,7037.12,rBvPLWtYNAnGwIUKoPwSyNVXdBLFECcCWavShoxvSfmrjutowJGWLEKDqAEKTrFZQcghFj,Product 141,DELIVERED,PAYPAL,False,2025-03-26 07:49:56.458157,2025-04-11 13:49:56.458157,NO DATA,,0.0352,TXN-141-20303,55,
142,ORD-000142,94,310.27,29165.38,COQkqvLgBntczcFIphCEjpttTPNDxAcPnaPqwtOsVEPqqlPQbgTtQUPTjwLcvrGmcKJijjpZQwUKzvOGufjLftZAYCBudOZazBuL gUjFXxPaQx vniReMWcCmOzmsFuNcDZHtoBqgDNAUtNYcJwqtIrhkUfY,Product 142,PROCESSING,CRYPTO,1,2025-06-15 07:49:56.458183,2025-07-11 12:49:56.458183,Note 142,Internal 142,0.3104,TXN-142-21123,58,4.0
143,ORD-000143,100,1991.32,199132.0,mpINzbTDuidzLIdSGuncrHbGQmMAhHmSUaTTPNBLvzpVSsjnWYnwRlCtd,Product 143,CANCELLED,BANK,0,2025-03-22 07:49:56.458202,2025-04-14 20:49:56.458202,,,0.3255,TXN-143-97755,42,2.0
144,ORD-000144,83,2979.19,247272.77,CYBnCuGE BPUOFq zLSfSKnmQT CZLjhkDlxBmPifI,Product 144,CANCELLED,CRYPTO,True,2025-08-29 07:49:56.458220,2025-09-04 23:49:56.458220,null,,0.2585,TXN-144-77460,7,
145,ORD-000145,74,2785.67,206139.58,igRamVaKuxgWAHJDQzuaeptQpWmDXIHeBczwNTIkqTFSPbkOaSvjtRYYFxd,Product 145,NEW,CARD,0,2025-08-08 07:49:56.458239,2025-09-05 19:49:56.458239,-,Internal 145,0.0369,TXN-145-94843,51,3.0
146,ORD-000146,39,4337.65,169168.35,eS loQCfGWFOyBaOOwDphCEGiGPBCDBHgCKHPdbQwtSEVbFgXhUOtTHESjaZDaYVthdyrqYyyLJhpFPfJSDoGFXxjhXrFxQUWoMogRspzSqPgShStSLaMdvXVvYylhSyjiDrMPaeBYRjKMmhwuXWQtzdsDKYeEZGSUfRejeUNmRQcEkbdwqaYnL eA,Product 146,SHIPPED,PAYPAL,N,2025-10-18 07:49:56.458267,2025-10-27 23:49:56.458267,Note 146,,0.261,TXN-146-64159,76,5.0
147,ORD-000147,74,1067.48,78993.52,sFozgSeHMXZkqClOObriPJvKdVlUPtnORrWwdTZxNxFlMnpCkqjQu WZpWCrcRXLuxreYiDMabXVrcHqb fmY yAuFKhQLxuKjHvGWqWoXK VJ,Product 147,PROCESSING,CRYPTO,1,2025-06-01 07:49:56.458290,2025-06-16 12:49:56.458290,Note 147,,,TXN-147-64746,98,
148,ORD-000148,7,395.62,2769.34,rTXWsQKFxVsxcSfxkgFcsNJIWJRc pJlq,Product 148,NEW,BANK,N,2025-05-25 07:49:56.458307,2025-05-30 08:49:56.458307,,Internal 148,0.4688,TXN-148-38116,55,1.0
149,ORD-000149,65,3058.26,198786.9,pdpGelIUGjCsNWKscubvzXabEXWDduxnPV AKgVlkSqL TbuyOSraisaA qgupynEHJEPllrfaPEIVScmHYDvnaUguxQGaVrZWrUDPCrDjjNOqumSwQjaKysjn VKgWgQSlNakLiIGIdWBgEzatfffxCrDMUEyZiKuBLNOWzOLTdZGiWzjArUTI hMzajlpgXZhYdeo,Product 149,SHIPPED,BANK,N,2026-01-09 07:49:56.458342,2026-01-31 16:49:56.458342,NO DATA,,,TXN-149-57173,74,5.0
150,ORD-000150,91,982.22,89382.02,JMMgHZo,Product 150,PROCESSING,BANK,False,2026-01-10 07:49:56.458358,2026-01-29 00:49:56.458358,-,Internal 150,0.0636,TXN-150-23531,32,3.0
